{"cameraMode":{"drawMode":0,"name":"Shaded","section":"Shading Mode"},"sceneLighting":true,"audioPlay":false,"sceneViewState":{"m_AlwaysRefresh":false,"showFog":true,"showSkybox":true,"showFlares":true,"showImageEffects":true,"showParticleSystems":true,"showVisualEffectGraphs":true,"m_FxEnabled":true},"in2DMode":false,"pivot":{"x":0.9722698330879211,"y":2.6270761489868166,"z":1.4940180778503419},"rotation":{"x":-0.25324320793151858,"y":0.07449480146169663,"z":-0.019563501700758935,"w":-0.9643404483795166},"size":0.8405184745788574,"orthographic":false}